Title,Price,Date
"Disney Girls' Princess Fantasy Gown Nightgown, AURORA, 4T","21
                       
                        .",2024-05-10
"Disney Girls' Princess Fantasy Gown Nightgown, AURORA, 4T","21
                       
                        .",2024-05-10
"Disney Girls' Princess Fantasy Gown Nightgown, AURORA, 4T","21
                       
                        .",2024-05-10
"Disney Girls' Princess Fantasy Gown Nightgown, AURORA, 4T","21
                       
                        .",2024-05-10
"Disney Girls' Princess Fantasy Gown Nightgown, AURORA, 4T","21
                       
                        .",2024-05-10
"Disney Girls' Princess Fantasy Gown Nightgown, AURORA, 4T","21
                       
                        .",2024-05-10
"Disney Girls' Princess Fantasy Gown Nightgown, AURORA, 4T","21
                       
                        .",2024-05-10
